First Name, Last Name, Phone Number,Age
Arvin,Maskell,1-424-455-1384,5
Vernon,Parde,1-384-132-3226,89
Brendon,Darbonne,1-573-222-6605,40
Gina,Muhn,1-042-447-6012,52
Willam,Hessell,1-403-612-4321,99
Odell,Bringard,1-700-713-1108,39
Aldona,Obi,1-632-425-4168,73
Randy,Clewell,1-275-288-6564,58
Naomi,Tensley,1-432-010-6813,4
Jennie,Beisheim,1-747-405-5637,22
Hans,Hurte,1-463-725-7127,92
Corene,Sokoll,1-675-215-4013,39
Rochelle,Olivo,1-240-287-8645,16
Janay,Dorman,1-401-034-2858,68
Letha,Fontanella,1-051-622-0602,15
Elisha,Blindauer,1-527-747-4368,95
Rochelle,Olivo,1-240-287-8645,16
Williams,Miyagawa,1-603-433-1872,99
Mindy,Mulliken,1-345-712-6405,28
Emily,Rokosz,1-407-461-2515,79
Leslie,Mandella,1-517-227-1063,23
Makenna,Nuechterlein,1-547-216-7731,99
Arvin,Maskell,1-424-455-1384,5
Delton,Lacrone,1-316-802-4367,57
